-- @@ -1,77 +1,154 @@

# Ovo je komentar


# c:\xampp\mysql\bin\mysql -uroot < C:\Users\Katedra\Documents\edunovajp28.sql
 -- putanju  C:\Users\Katedra\D... prilagoditi svojoj datoteci na disku
# c:\xampp\mysql\bin\mysql -uroot --default_character_set=utf8 < C:\Users\Katedra\Documents\GitHub\EdunovaJP28\edunovajp28.sql

-- I ovo je komentar

drop database if exists edunovajp28;
create database edunovajp28;
use edunovajp28;
create table smjer(
	sifra int not null primary key auto_increment,
	naziv varchar(50) not null,
	cijena decimal(18,2),
	upisnina decimal(18,2),
	trajanje int not null,
	verificiran boolean
);


create table grupa(
	sifra int not null primary key auto_increment,
	naziv varchar(50) not null,
	smjer int not null,
	maxpolaznika int,
	predavac int,
	datumpocetka datetime
);

create table predavac(
	sifra int not null primary key auto_increment,
	iban varchar(50),
	osoba int not null
);

create table polaznik(
	sifra int not null primary key auto_increment,
	brojugovora varchar(20),
	osoba int not null
);

create table osoba(
	sifra int not null primary key auto_increment,
	ime varchar(50) not null,
	prezime varchar(50) not null,
	oib char(11),
	email varchar(100)
);

create table clan(
	grupa int not null,
	polaznik int not null
);

alter table grupa add foreign key (smjer)
references smjer(sifra);

alter table grupa add foreign key (predavac)
references predavac(sifra);

alter table predavac add foreign key (osoba)
references osoba(sifra);

alter table polaznik add foreign key (osoba)
references osoba(sifra);

alter table clan add foreign key (polaznik)
references polaznik(sifra);

alter table clan add foreign key (grupa)
references grupa(sifra);





-- najlošija verzija insert naredbe
-- 1
insert into smjer values
(null,'Java programiranje ŠČ',995.42,73,130,true);

-- malo bolji način unosa
-- 2
insert into smjer (naziv,trajanje) values
('Web programiranje',250);

-- primjer dobre prakse (best practice)
-- 3
insert into smjer (sifra,naziv,cijena,
upisnina,trajanje,verificiran) values
(null,'PHP programiranje',850,73,130,false);



insert into osoba (sifra,ime,prezime,oib,email)
values 
-- 1
(null,'Tomislav','Jakopec',null,'tjakopec@gmail.com'),
-- 2 do 26
(null,'Denis','Simov',null,'dsimov19@gmail.com'),
(null,'Ivan','Islentiev',null,'ivanislentiev@hotmail.com'),
(null,'Antonio','Majić',null,'antonio.majich@gmail.com'),
(null,'Kristi','Belić',null,'kristinovoselic@gmail.com'),
(null,'Josip','Belić',null,'josip.belic989@gmail.com'),
(null,'Ivan','Marošević',null,'ivanmarosevic4@gmail.com'),
(null,'Damir','Sučić',null,'dsucic7@gmail.com'),
(null,'Dino','Dješka',null,'dino.djeska@gmail.com'),
(null,'Goran','Kovačić',null,'kovacic.go@gmail.com'),
(null,'Luka','Lijić',null,'lukalijic8@gmail.com'),
(null,'Antonio','Miloloža',null,'milolozaantonio@yahoo.com'),
(null,'Marijan','Kešinović',null,'kesinovic957@gmail.com'),
(null,'Ivan','Kuna',null,'ivan.kuna@yahoo.com'),
(null,'Maksimilian','Bagarić',null,'maxbagaric@gmail.com'),
(null,'Martin','Tetković',null,'marcatet001@gmail.com'),
(null,'Vjeran','Šergo',null,'vjeran.sergo@gmail.com'),
(null,'Filip','Čatić',null,'fcatic031@gmail.com'),
(null,'Petar','Matić',null,'petarmatic00@gmail.com'),
(null,'Branimir','Fekete',null,'branimir.fekete@gmail.com'),
(null,'Lazar','Volarev',null,'lazarv79@gmail.com'),
(null,'Adriana','Plečaš',null,'adriana.plecas@gmail.com'),
(null,'Goran','Franjić',null,'goran@proces.hr'),
(null,'Marko','Ivanović',null,'markoivanovic19@gmail.com'),
(null,'Emina','Vejsilović',null,'emiomiemi@gmail.com'),
(null,'Ana','Jurić',null,'ana.juric19@gmail.com');

-- 1 
insert into predavac (osoba) values (1);

-- 1 do 25
insert into polaznik (osoba) values
(2),(3),(4),(5),(6),(7),(8),(9),(10),
(11),(12),(13),(14),(15),(16),(17),(18),(19),(20),
(21),(22),(23),(24),(25),(26);

-- 1
insert into grupa (naziv,smjer,maxpolaznika,predavac)
values ('JP28',1,25,1);

-- 2
insert into grupa (naziv,smjer,maxpolaznika,predavac)
values ('WP1',2,25,1);

insert into clan (grupa,polaznik) values
(1,1),(1,2),(1,3),(1,4),(1,5),(1,6),(1,7),
(1,8),(1,9),(1,10),(1,11),(1,12),(1,13),(1,14),
(1,15),(1,16),(1,17),(1,18),(1,19),(1,20),(1,21),
(1,22),(1,23),(1,24),(1,25);

insert into smjer (naziv,cijena,upisnina,trajanje,verificiran) values ('serviser',1000,100,150,false);

insert into grupa (naziv,smjer,maxpolaznika,predavac) values ('S1',4,33,1);
insert into grupa (naziv,smjer,maxpolaznika,predavac) values ('S2',4,33,1);

insert into osoba (ime,prezime,oib,email) values ('Pero', 'Perić',null,'peric@gmail.com');
insert into osoba (ime,prezime,oib,email) values ('Marija','Jurić',null,'marija.juric19@gmail.com');
insert into osoba (ime,prezime,oib,email) values ('Ivan','Franjić',null,'ivan@proces.hr');

insert into polaznik (osoba) values (27),(28),(29);

insert into clan (grupa,polaznik) values (3,29),(3,30),(3,31);



-- vježbanje:
-- 1. Unijeti smjer Serviser
-- 2. Na Serviseru definirati dvije grupe (S1 i S2)
-- 3. Na S2 postaviti 3 nova polaznika (koje ste prethodno unijeli)

-- Domaća zadaća:
-- U sve baze koje ste kreirali na osnovu zadatka ERA osnovno unijeti u svaku tablicu po 3 - 5 redova